"RevShareYear","RevShareMonth","AverageRate","FMONHours","FMONRevenue","FONEHours","FONERevenue","HourlyHours","HourlyRevenue","RevShareDate","Staff","TotalRevShareMonth","RevTier1","RevTier2","RevTier3","RevTierTotal","OriginationFees","RevShareTotal"
"2026","2","449.2574257425742","0.0","0.0","0.0","0.0","20.200000000000003","9075.0","2026-02-28","AEZ","9075.0","0.0","0.0","0.0","0.0","2620.85","2620.85"
"2025","3","392.6781519185589","0.0","0.0","0.0","0.0","25.540000000000013","10029.0","2025-03-31","AEZ","10029.0","0.0","0.0","0.0","0.0","1494.5","1494.5"
"2026","4","446.1016949152541","0.0","0.0","0.0","0.0","35.40000000000001","15792.0","2026-04-30","AEZ","15792.0","358.40000000000003","0.0","0.0","358.40000000000003","1907.35","2265.75"
"2025","5","397.6893939393937","0.0","0.0","0.0","0.0","52.800000000000026","20998.0","2025-05-31","AEZ","20998.0","400.0","600.0","1199.2","2199.2","1254.69","3453.89"
"2026","5","444.6428571428571","0.0","0.0","0.0","0.0","2.8000000000000003","1245.0","2026-05-31","AEZ","1245.0","0.0","0.0","0.0","0.0","880.83","880.83"
"2025","6","358.68750000000006","0.0","0.0","0.0","0.0","15.999999999999998","5739.0","2025-06-30","AEZ","5739.0","0.0","0.0","0.0","0.0","1624.3","1624.3"
"2025","8","339.79811574697175","0.0","0.0","0.0","0.0","148.59999999999997","50494.0","2025-08-31","AEZ","50494.0","400.0","600.0","12997.6","13997.6","8764.71","22762.309999999998"
"2024","9","395.2899824253076","0.0","0.0","0.0","0.0","28.450000000000003","11246.0","2024-09-30","AEZ","11246.0","0.0","0.0","0.0","0.0","479.8","479.8"
"2025","11","443.6936936936937","0.0","0.0","0.0","0.0","11.1","4925.0","2025-11-30","AEZ","4925.0","0.0","0.0","0.0","0.0","1098.23","1098.23"
"2024","12","369.0705128205128","0.0","0.0","0.0","0.0","15.6","5757.5","2024-12-31","AEZ","5757.5","0.0","0.0","0.0","0.0","1031.53","1031.53"
"2025","7","","0.8","280.87","0.0","0.0","0.0","0.0","2025-07-31","ARF","280.87","0.0","0.0","0.0","0.0","0.0","0.0"
"2025","10","","0.0","0.0","0.0","0.0","3.5","612.5","2025-10-31","ARF","612.5","0.0","0.0","0.0","0.0","0.0","0.0"
"2025","1","","0.0","0.0","0.0","0.0","0.9","85.5","2025-01-31","ASS","85.5","0.0","0.0","0.0","0.0","0.0","0.0"
"2025","3","","0.0","0.0","0.0","0.0","2.3","174.8","2025-03-31","ASS","174.8","0.0","0.0","0.0","0.0","0.0","0.0"
"2025","8","","0.0","0.0","0.0","0.0","0.4","38.0","2025-08-31","ASS","38.0","0.0","0.0","0.0","0.0","0.0","0.0"
"2024","9","","3.0","115.31","0.0","0.0","6.8","646.0","2024-09-30","ASS","761.31","0.0","0.0","0.0","0.0","0.0","0.0"
"2025","9","","0.0","0.0","0.0","0.0","4.8","456.0","2025-09-30","ASS","456.0","0.0","0.0","0.0","0.0","0.0","0.0"
"2024","10","","0.0","0.0","0.4","20.55","11.8","1121.0","2024-10-31","ASS","1141.55","0.0","0.0","0.0","0.0","0.0","0.0"
"2024","12","","0.0","0.0","1.0","52.93","0.0","0.0","2024-12-31","ASS","52.93","0.0","0.0","0.0","0.0","0.0","0.0"
"2025","2","","0.0","0.0","2.8","462.67","2.7","405.0","2025-02-28","ASW","867.67","0.0","0.0","0.0","0.0","0.0","0.0"
"2025","5","","0.0","0.0","0.0","0.0","9.4","1410.0","2025-05-31","ASW","1410.0","0.0","0.0","0.0","0.0","0.0","0.0"
"2025","7","","0.0","0.0","0.0","0.0","11.9","1785.0","2025-07-31","ASW","1785.0","0.0","0.0","0.0","0.0","0.0","0.0"
"2024","11","","0.0","0.0","9.200000000000001","1514.73","11.100000000000003","1665.0","2024-11-30","ASW","3179.73","0.0","0.0","0.0","0.0","0.0","0.0"
"2025","1","360.99785407725324","2.5","562.39","0.0","0.0","46.6","16822.5","2025-01-31","BPL","17384.89","400.0","415.46700000000004","0.0","815.4670000000001","3662.38","4477.847"
"2026","2","409.6075085324233","0.0","0.0","0.0","0.0","58.59999999999999","23961.38","2026-02-28","BPL","23961.38","400.0","600.0","2384.552","3384.552","3591.49","6976.0419999999995"
"2025","3","378.6","13.499999999999998","3311.91","0.0","0.0","27.500000000000004","10411.5","2025-03-31","BPL","13723.41","0.0","0.0","0.0","0.0","1916.45","1916.45"
"2026","5","437.3913043478261","0.0","0.0","0.0","0.0","6.8999999999999995","3018.0","2026-05-31","BPL","3018.0","0.0","0.0","0.0","0.0","504.6","504.6"
"2025","6","404.8578199052133","3.6000000000000005","3500.0","0.0","0.0","21.099999999999994","8542.5","2025-06-30","BPL","12042.5","0.0","0.0","0.0","0.0","1780.6","1780.6"
"2025","8","393.711790393013","0.0","0.0","2.8","1300.0","68.7","27048.0","2025-08-31","BPL","28348.0","400.0","600.0","4139.2","5139.2","2051.44","7190.639999999999"
"2024","9","360.2267818574513","0.0","0.0","0.0","0.0","46.30000000000001","16678.5","2024-09-30","BPL","16678.5","400.0","203.54999999999998","0.0","603.55","2904.89","3508.4399999999996"
"2025","9","386.0106382978724","0.5","180.21","0.0","0.0","9.4","3628.5","2025-09-30","BPL","3808.71","0.0","0.0","0.0","0.0","841.19","841.19"
"2024","10","367.29083665338646","0.4","68.29","0.0","0.0","25.1","9219.0","2024-10-31","BPL","9287.29","0.0","0.0","0.0","0.0","1692.93","1692.93"
"2025","11","402.2479838709677","0.0","0.0","4.4","4150.0","49.60000000000001","19951.5","2025-11-30","BPL","24101.5","400.0","600.0","2440.6","3440.6","3578.1","7018.7"
"2024","12","361.5336658354115","1.3","287.88","0.0","0.0","40.099999999999994","14497.5","2024-12-31","BPL","14785.38","157.07600000000002","0.0","0.0","157.07600000000002","2197.8","2354.876"
"2025","1","358.695652173913","17.200000000000003","5101.06","8.3","4446.43","27.6","8631.5","2025-01-31","CAJ","18178.99","400.0","600.0","71.596","1071.596","1808.49","2880.0860000000002"
"2026","2","389.2150170648464","0.0","0.0","13.599999999999998","2356.4","29.3","11404.0","2026-02-28","CAJ","13760.4","0.0","0.0","0.0","0.0","1930.11","1930.11"
"2025","1","355.5418719211823","0.0","0.0","0.0","0.0","20.299999999999997","7217.5","2025-01-31","AEZ","7217.5","0.0","0.0","0.0","0.0","921.91","921.91"
"2026","1","421.0287081339712","0.0","0.0","0.0","0.0","41.80000000000001","17599.0","2026-01-31","AEZ","17599.0","400.0","479.7","0.0","879.7","1744.7","2624.4"
"2025","2","399.8868778280543","0.1","12.28","0.0","0.0","22.099999999999998","8837.5","2025-02-28","AEZ","8849.78","0.0","0.0","0.0","0.0","587.28","587.28"
"2026","3","422.0930232558141","0.0","0.0","0.0","0.0","77.39999999999998","32670.0","2026-03-31","AEZ","32670.0","400.0","600.0","5868.0","6868.0","2453.18","9321.18"
"2025","4","397.38505747126425","0.0","0.0","0.0","0.0","34.80000000000001","13829.0","2025-04-30","AEZ","13829.0","0.0","0.0","0.0","0.0","1065.98","1065.98"
"2025","7","308.3360000000001","0.0","0.0","0.0","0.0","124.99999999999996","38542.0","2025-07-31","AEZ","38542.0","400.0","600.0","8216.800000000001","9216.800000000001","7980.46","17197.260000000002"
"2025","9","345.9104609929083","0.0","0.0","0.0","0.0","112.79999999999977","39018.7","2025-09-30","AEZ","39018.7","400.0","600.0","8407.480000000001","9407.480000000001","4374.26","13781.740000000002"
"2024","10","368.63829787234016","0.0","0.0","0.0","0.0","47.000000000000036","17326.0","2024-10-31","AEZ","17326.0","400.0","397.8","0.0","797.8","1801.36","2599.16"
"2025","10","419.67741935483866","0.0","0.0","0.0","0.0","3.1000000000000005","1301.0","2025-10-31","AEZ","1301.0","0.0","0.0","0.0","0.0","63.51","63.51"
"2024","11","398.09954751131215","0.0","0.0","0.0","0.0","22.100000000000005","8798.0","2024-11-30","AEZ","8798.0","0.0","0.0","0.0","0.0","945.5","945.5"
"2025","12","443.34963325183367","0.0","0.0","0.0","0.0","40.900000000000006","18133.0","2025-12-31","AEZ","18133.0","400.0","600.0","53.2","1053.2","3621.91","4675.11"
"2026","2","","0.0","0.0","0.0","0.0","0.6","105.0","2026-02-28","ARF","105.0","0.0","0.0","0.0","0.0","0.0","0.0"
"2025","9","","0.0","0.0","0.0","0.0","2.9","507.5","2025-09-30","ARF","507.5","0.0","0.0","0.0","0.0","0.0","0.0"
"2025","11","","0.0","0.0","0.0","0.0","1.6","280.0","2025-11-30","ARF","280.0","0.0","0.0","0.0","0.0","0.0","0.0"
"2025","2","","0.0","0.0","1.8","88.73","1.2","114.0","2025-02-28","ASS","202.73","0.0","0.0","0.0","0.0","0.0","0.0"
"2025","5","","0.0","0.0","0.0","0.0","0.9","85.5","2025-05-31","ASS","85.5","0.0","0.0","0.0","0.0","0.0","0.0"
"2024","11","","0.0","0.0","2.3","131.92","0.3","28.5","2024-11-30","ASS","160.42","0.0","0.0","0.0","0.0","0.0","0.0"
"2025","1","","0.0","0.0","0.0","0.0","5.199999999999999","730.5","2025-01-31","ASW","730.5","0.0","0.0","0.0","0.0","0.0","0.0"
"2025","3","","0.0","0.0","0.0","0.0","10.899999999999999","1362.0","2025-03-31","ASW","1362.0","0.0","0.0","0.0","0.0","0.0","0.0"
"2026","3","","0.0","0.0","0.0","0.0","1.4","210.0","2026-03-31","ASW","210.0","0.0","0.0","0.0","0.0","0.0","0.0"
"2025","4","","0.0","0.0","0.0","0.0","2.0","300.0","2025-04-30","ASW","300.0","0.0","0.0","0.0","0.0","0.0","0.0"
"2025","6","","0.0","0.0","0.0","0.0","1.0","150.0","2025-06-30","ASW","150.0","0.0","0.0","0.0","0.0","0.0","0.0"
"2025","9","","0.0","0.0","0.0","0.0","13.799999999999999","1965.5","2025-09-30","ASW","1965.5","0.0","0.0","0.0","0.0","0.0","0.0"
"2024","12","","0.9","113.0","0.0","0.0","2.0","256.0","2024-12-31","ASW","369.0","0.0","0.0","0.0","0.0","0.0","0.0"
"2026","1","414.30167597765364","0.0","0.0","0.0","0.0","17.9","7215.45","2026-01-31","BPL","7215.45","0.0","0.0","0.0","0.0","1840.46","1840.46"
"2025","2","364.29729729729723","0.6000000000000001","77.36","0.0","0.0","37.0","13479.0","2025-02-28","BPL","13556.36","0.0","0.0","0.0","0.0","2803.45","2803.45"
"2026","3","422.4056603773585","0.0","0.0","0.0","0.0","10.6","4477.5","2026-03-31","BPL","4477.5","0.0","0.0","0.0","0.0","1448.75","1448.75"
"2025","4","412.6696832579185","6.699999999999999","3266.02","4.3999999999999995","1689.92","22.100000000000005","9120.0","2025-04-30","BPL","14075.94","15.188","0.0","0.0","15.188","2514.23","2529.418"
"2026","4","439.827213822894","0.0","0.0","1.1","503.73","46.30000000000001","20364.0","2026-04-30","BPL","20867.73","400.0","600.0","1147.092","2147.092","3629.48","5776.572"
"2025","5","390.8318890814558","0.3","2370.97","0.0","0.0","57.69999999999999","22551.0","2025-05-31","BPL","24921.97","400.0","600.0","2768.7880000000005","3768.7880000000005","4292.75","8061.5380000000005"
"2025","7","396.76895306859194","0.7","3500.0","0.0","0.0","55.40000000000002","21981.0","2025-07-31","BPL","25481.0","400.0","600.0","2992.4","3992.4","5026.78","9019.18"
"2025","10","414.9701937406856","0.0","0.0","0.0","0.0","67.1","27844.5","2025-10-31","BPL","27844.5","400.0","600.0","3937.8","4937.8","5021.73","9959.529999999999"
"2024","11","354.81958762886586","1.1","256.85","2.1","2200.0","38.800000000000004","13767.0","2024-11-30","BPL","16223.85","400.0","67.155","0.0","467.155","3240.31","3707.465"
"2025","12","422.04255319148945","0.0","0.0","0.0","0.0","23.499999999999996","9918.0","2025-12-31","BPL","9918.0","0.0","0.0","0.0","0.0","746.0","746.0"
"2025","10","","0.0","0.0","0.0","0.0","1.0","120.0","2025-10-31","BWB","120.0","0.0","0.0","0.0","0.0","0.0","0.0"
"2026","1","425.0","0.0","0.0","0.0","0.0","10.4","4420.0","2026-01-31","CAJ","4420.0","0.0","0.0","0.0","0.0","13.95","13.95"
"2025","2","345.6551724137931","17.9","4837.83","20.7","4178.06","14.5","5012.0","2025-02-28","CAJ","14027.89","5.578","0.0","0.0","5.578","1138.4","1143.978"
"2026","4","423.90670553935854","0.0","0.0","10.600000000000001","1571.19","34.300000000000004","14540.0","2026-04-30","CAJ","16111.19","400.0","33.357","0.0","433.35699999999997","563.29","996.6469999999999"
"2025","5","355.8679867986799","11.900000000000002","2436.14","0.0","0.0","75.74999999999999","26957.0","2025-05-31","CAJ","29393.14","400.0","600.0","4557.256","5557.256","1189.56","6746.816000000001"
"2025","7","386.57505285412265","25.3","4003.17","5.5","1000.0","47.29999999999999","18285.0","2025-07-31","CAJ","23288.17","400.0","600.0","2115.268","3115.268","613.21","3728.478"
"2025","8","390.2661064425771","13.499999999999998","4764.7","0.0","0.0","71.4","27662.0","2025-08-31","CAJ","32426.7","400.0","600.0","5770.68","6770.68","2073.65","8844.33"
"2024","9","350.0","36.5","5168.08","2.2","2616.27","21.0","7350.0","2024-09-30","CAJ","15134.35","226.87","0.0","0.0","226.87","959.2","1186.0700000000002"
"2025","10","373.90029325513194","0.0","0.0","0.0","0.0","34.1","11057.94","2025-10-31","CAJ","11057.94","0.0","0.0","0.0","0.0","1078.0","1078.0"
"2024","11","317.8933333333333","18.7","4634.19","10.2","2036.96","37.5","11921.0","2024-11-30","CAJ","18592.15","400.0","600.0","236.86","1236.8600000000001","120.0","1356.8600000000001"
"2026","1","110.0","0.0","0.0","0.2","19.23","0.2","22.0","2026-01-31","CDL","41.23","0.0","0.0","0.0","0.0","0.0","0.0"
"2026","3","109.99999999999999","0.0","0.0","0.8","58.86","2.5000000000000004","275.0","2026-03-31","CDL","333.86","0.0","0.0","0.0","0.0","0.0","0.0"
"2025","10","","0.0","0.0","0.8","417.64","0.0","0.0","2025-10-31","CDL","417.64","0.0","0.0","0.0","0.0","0.0","0.0"
"2025","12","110.00000000000001","0.0","0.0","6.2","1027.67","7.199999999999999","792.0","2025-12-31","CDL","1819.67","0.0","0.0","0.0","0.0","0.0","0.0"
"2025","7","","0.0","0.0","0.0","0.0","4.0","480.0","2025-07-31","CNK","480.0","0.0","0.0","0.0","0.0","0.0","0.0"
"2025","9","","0.0","0.0","0.0","0.0","13.700000000000001","1610.0","2025-09-30","CNK","1610.0","0.0","0.0","0.0","0.0","0.0","0.0"
"2025","1","","0.0","0.0","0.0","0.0","0.5","112.5","2025-01-31","CNM","112.5","0.0","0.0","0.0","0.0","0.0","0.0"
"2026","3","174.99999999999997","0.0","0.0","3.7","480.52","11.100000000000001","1942.5","2026-03-31","CPB","2423.02","0.0","0.0","0.0","0.0","0.0","0.0"
"2026","4","175.00000000000003","3.4","3469.39","0.0","0.0","4.1","717.5","2026-04-30","CPB","4186.89","0.0","0.0","0.0","0.0","0.0","0.0"
"2025","7","","0.0","0.0","0.0","0.0","52.8","7196.5","2025-07-31","CPB","7196.5","0.0","0.0","0.0","0.0","0.0","0.0"
"2025","10","175.0","0.0","0.0","0.0","0.0","7.9","1382.5","2025-10-31","CPB","1382.5","0.0","0.0","0.0","0.0","0.0","0.0"
"2025","12","175.00000000000003","0.0","0.0","3.0","182.97","34.8","6090.0","2025-12-31","CPB","6272.97","0.0","0.0","0.0","0.0","0.0","0.0"
"2025","5","","0.0","0.0","6.9","1211.87","0.0","0.0","2025-05-31","DAC","1211.87","0.0","0.0","0.0","0.0","0.0","0.0"
"2024","11","","0.0","0.0","8.0","863.93","0.0","0.0","2024-11-30","DAC","863.93","0.0","0.0","0.0","0.0","0.0","0.0"
"2026","2","160.15915119363393","0.0","0.0","10.499999999999998","5429.62","37.70000000000001","6038.0","2026-02-28","ERH","11467.62","0.0","0.0","0.0","0.0","0.0","0.0"
"2025","3","188.75064267352184","0.0","0.0","1.8","5750.0","38.9","7342.4","2025-03-31","ERH","13092.4","0.0","0.0","0.0","0.0","0.0","0.0"
"2026","4","229.99126637554588","0.0","0.0","18.8","6078.22","22.900000000000006","5266.8","2026-04-30","ERH","11345.02","0.0","0.0","0.0","0.0","0.0","0.0"
"2025","5","156.99757869249396","0.8","1147.72","16.6","1902.18","41.3","6484.0","2025-05-31","ERH","9533.9","0.0","0.0","0.0","0.0","0.0","0.0"
"2026","5","192.5","0.0","0.0","3.1999999999999997","10827.66","2.8000000000000003","539.0","2026-05-31","ERH","11366.66","0.0","0.0","0.0","0.0","0.0","0.0"
"2025","6","195.94240837696339","2.3","193.91","13.500000000000002","2229.6","19.099999999999998","3742.5","2025-06-30","ERH","6166.01","0.0","0.0","0.0","0.0","0.0","0.0"
"2025","8","180.36956521739128","0.0","0.0","12.100000000000001","2942.1","23.0","4148.5","2025-08-31","ERH","7090.6","0.0","0.0","0.0","0.0","0.0","0.0"
"2024","9","193.50498338870423","1.6","169.16","6.7","4195.21","30.100000000000005","5824.5","2024-09-30","ERH","10188.87","0.0","0.0","0.0","0.0","0.0","0.0"
"2026","10","220.0","0.0","0.0","0.0","0.0","0.5","110.0","2026-10-31","ERH","110.0","0.0","0.0","0.0","0.0","0.0","0.0"
"2025","11","239.91836734693877","1.0","3500.0","25.299999999999997","9903.0","24.500000000000004","7224.0","2025-11-30","ERH","20627.0","400.0","600.0","1050.8","2050.8","0.0","2050.8"
"2024","12","191.84210526315783","1.2","186.26","10.9","2011.98","34.2","6561.0","2024-12-31","ERH","8759.24","0.0","0.0","0.0","0.0","0.0","0.0"
"2025","2","","0.0","0.0","0.0","0.0","3.5","585.0","2025-02-28","FDJ","585.0","0.0","0.0","0.0","0.0","0.0","0.0"
"2025","9","","0.0","0.0","0.0","0.0","2.0","350.0","2025-09-30","FDJ","350.0","0.0","0.0","0.0","0.0","0.0","0.0"
"2025","2","","3.0","161.17","2.86","259.69","6.2","812.0","2025-02-28","GNS","1232.86","0.0","0.0","0.0","0.0","0.0","0.0"
"2025","5","","0.0","0.0","0.0","0.0","9.9","1687.0","2025-05-31","GNS","1687.0","0.0","0.0","0.0","0.0","0.0","0.0"
"2025","7","","0.0","0.0","0.0","0.0","17.3","3027.5","2025-07-31","GNS","3027.5","0.0","0.0","0.0","0.0","0.0","0.0"
"2025","3","","0.0","0.0","0.0","0.0","1.2","210.0","2025-03-31","HEB","210.0","0.0","0.0","0.0","0.0","0.0","0.0"
"2025","5","","0.0","0.0","0.0","0.0","2.3","402.5","2025-05-31","HEB","402.5","0.0","0.0","0.0","0.0","0.0","0.0"
"2025","8","","0.0","0.0","0.0","0.0","1.0","75.0","2025-08-31","HEB","75.0","0.0","0.0","0.0","0.0","0.0","0.0"
"2026","2","","0.0","0.0","0.0","0.0","6.8999999999999995","1276.5","2026-02-28","JCB","1276.5","0.0","0.0","0.0","0.0","0.0","0.0"
"2024","12","","0.0","0.0","0.0","0.0","6.699999999999999","1306.5","2024-12-31","JCB","1306.5","0.0","0.0","0.0","0.0","0.0","0.0"
"2025","1","432.7142857142857","40.3","7856.9","0.0","0.0","7.0","3029.0","2025-01-31","JER","10885.9","0.0","0.0","0.0","0.0","1951.0","1951.0"
"2026","1","406.5315315315315","76.79999999999998","33480.24","77.89999999999998","28932.11","22.2","9025.0","2026-01-31","JER","71437.35","400.0","600.0","21374.940000000002","22374.940000000002","11040.5","33415.44"
"2025","2","301.5957446808511","73.8","7362.96","0.0","0.0","9.399999999999999","2835.0","2025-02-28","JER","10197.96","0.0","0.0","0.0","0.0","2309.2","2309.2"
"2026","3","409.11764705882354","52.5","21375.0","0.0","0.0","23.8","9737.0","2026-03-31","JER","31112.0","400.0","600.0","5244.8","6244.8","5448.34","11693.14"
"2025","4","325.0","9.5","5650.11","0.0","0.0","1.0","325.0","2025-04-30","JER","5975.11","0.0","0.0","0.0","0.0","2033.66","2033.66"
"2025","7","357.49999999999994","9.8","7667.77","0.0","0.0","13.200000000000001","4719.0","2025-07-31","JER","12386.77","0.0","0.0","0.0","0.0","2797.9","2797.9"
"2025","9","365.4967454607742","72.4","9839.01","0.0","0.0","58.38000000000002","21337.7","2025-09-30","JER","31176.71","400.0","600.0","5270.684","6270.684","9079.6","15350.284"
"2024","10","312.0218579234973","88.0","12669.0","1.0","0.0","18.299999999999997","5710.0","2024-10-31","JER","18379.0","400.0","600.0","151.6","1151.6","2997.9","4149.5"
"2025","10","364.99999999999994","46.1","10000.0","54.8","17052.79","28.000000000000004","10220.0","2025-10-31","JER","37272.79","400.0","600.0","7709.116000000001","8709.116000000002","5984.11","14693.226000000002"
"2024","11","318.2531824611032","116.19999999999997","25032.1","0.0","0.0","70.7","22500.5","2024-11-30","JER","47532.6","400.0","600.0","11813.04","12813.04","7877.21","20690.25"
"2025","12","417.3333333333334","48.3","13371.97","297.2","240755.96","14.999999999999996","6260.0","2025-12-31","JER","260387.93","400.0","600.0","96955.172","97955.172","29885.56","127840.732"
"2024","11","","0.0","0.0","0.0","0.0","6.6","888.5","2024-11-30","JLH","888.5","0.0","0.0","0.0","0.0","0.0","0.0"
"2026","1","400.00000000000006","0.0","0.0","0.0","0.0","40.49999999999999","16200.0","2026-01-31","JMG","16200.0","400.0","60.0","0.0","460.0","3116.0","3576.0"
"2026","4","400.00000000000006","0.0","0.0","0.0","0.0","78.09999999999998","31240.0","2026-04-30","JMG","31240.0","400.0","600.0","5296.0","6296.0","80.8","6376.8"
"2025","10","397.86885245901647","0.0","0.0","0.0","0.0","30.499999999999993","15392.06","2025-10-31","JMG","15392.06","278.412","0.0","0.0","278.412","1109.0","1387.412"
"2025","8","","0.0","0.0","0.0","0.0","16.5","1402.5","2025-08-31","JMM","1402.5","0.0","0.0","0.0","0.0","0.0","0.0"
"2025","1","309.11660777385157","27.799999999999997","9283.94","7.0","3500.0","28.300000000000004","8748.0","2025-01-31","JRJ","21531.94","400.0","600.0","1412.776","2412.776","4290.12","6702.896"
"2026","2","447.35148514851494","0.0","0.0","0.0","0.0","40.39999999999999","18073.0","2026-02-28","JRJ","18073.0","400.0","600.0","29.200000000000003","1029.2","3689.7","4718.9"
"2025","3","352.7188128772635","42.39999999999999","11008.71","22.300000000000004","10000.0","198.8","67240.5","2025-03-31","JRJ","88249.21","400.0","600.0","28099.684000000005","29099.684000000005","10358.85","39458.53400000001"
"2026","4","449.99999999999994","0.0","0.0","142.8","25000.0","17.200000000000003","7740.0","2026-04-30","JRJ","32740.0","400.0","600.0","5896.0","6896.0","6948.0","13844.0"
"2025","5","295.23500389509223","53.7","12563.86","0.0","0.0","385.1","113695.0","2025-05-31","JRJ","126258.86","400.0","600.0","43303.544","44303.544","27032.14","71335.68400000001"
"2026","5","450.0","0.0","0.0","0.0","0.0","0.8","360.0","2026-05-31","JRJ","360.0","0.0","0.0","0.0","0.0","72.0","72.0"
"2025","6","392.2758620689656","66.20000000000002","11448.84","5.0","2600.0","101.49999999999999","39816.0","2025-06-30","JRJ","53864.84","400.0","600.0","14345.936","15345.936","4230.3","19576.236"
"2025","8","274.3885491939967","28.999999999999996","10235.3","4.3","1692.04","179.9","49362.5","2025-08-31","JRJ","61289.84","400.0","600.0","17315.935999999998","18315.935999999998","10205.98","28521.915999999997"
"2024","9","393.718487394958","60.699999999999996","13192.94","6.5","3500.0","71.4","28111.5","2024-09-30","JRJ","44804.44","400.0","600.0","10721.776","11721.776","4235.75","15957.526"
"2025","11","316.03030303030306","0.0","0.0","9.2","4435.09","82.49999999999997","18376.5","2025-11-30","JRJ","22811.59","400.0","600.0","1924.6360000000002","2924.6360000000004","3411.3","6335.936000000001"
"2024","12","393.5714285714286","31.900000000000006","10680.8","0.8","750.0","32.199999999999996","12673.0","2024-12-31","JRJ","24103.8","400.0","600.0","2441.52","3441.52","4726.6","8168.120000000001"
"2026","2","400.00000000000006","6.3","2408.19","17.3","7125.57","18.9","7560.0","2026-02-28","KWD","17093.76","400.0","328.128","0.0","728.1279999999999","2034.08","2762.2079999999996"
"2026","3","400.0","4.300000000000001","3245.28","0.0","0.0","30.9","12360.0","2026-03-31","KWD","15605.28","321.05600000000004","0.0","0.0","321.05600000000004","424.0","745.056"
"2025","4","","0.0","0.0","1.7","479.32","0.0","0.0","2025-04-30","KWD","479.32","0.0","0.0","0.0","0.0","150.0","150.0"
"2026","5","400.00000000000006","0.0","0.0","0.0","0.0","16.9","6760.0","2026-05-31","KWD","6760.0","0.0","0.0","0.0","0.0","272.84","272.84"
"2025","6","301.93133047210296","0.0","0.0","24.599999999999998","10220.88","46.60000000000001","14070.0","2025-06-30","KWD","24290.88","400.0","600.0","2516.3520000000003","3516.3520000000003","2264.6","5780.952"
"2025","9","381.8836565096953","8.8","2945.21","3.7","2043.4","54.15","20679.0","2025-09-30","KWD","25667.61","400.0","600.0","3067.044","4067.044","750.8","4817.844"
"2025","11","418.0571428571428","6.199999999999999","3377.43","8.8","3574.91","52.50000000000001","21948.0","2025-11-30","KWD","28900.34","400.0","600.0","4360.136","5360.136","2307.0","7667.136"
"2025","12","392.9376854599406","10.2","6004.06","4.0","4794.37","67.4","26484.0","2025-12-31","KWD","37282.43","400.0","600.0","7712.972000000001","8712.972000000002","375.6","9088.572000000002"
"2024","12","","0.0","0.0","0.0","0.0","1.0","120.0","2024-12-31","MAB","120.0","0.0","0.0","0.0","0.0","0.0","0.0"
"2025","10","175.0","2.0","319.51","0.0","0.0","5.0","875.0","2025-10-31","MCH","1194.51","0.0","0.0","0.0","0.0","0.0","0.0"
"2025","8","","0.0","0.0","0.0","0.0","12.53","2158.25","2025-08-31","PSR","2158.25","0.0","0.0","0.0","0.0","0.0","0.0"
"2025","9","","0.0","0.0","0.0","0.0","20.1","3517.5","2025-09-30","PSR","3517.5","0.0","0.0","0.0","0.0","0.0","0.0"
"2025","1","363.48963474827247","5.2","1169.79","15.8","10315.94","101.30000000000001","36821.5","2025-01-31","RAW","48307.23","400.0","600.0","12122.892","13122.892","26254.67","39377.562"
"2026","2","429.02298850574726","1.1","473.04","1.5","1088.54","17.399999999999995","7465.0","2026-02-28","RAW","9026.58","0.0","0.0","0.0","0.0","20041.76","20041.76"
"2025","3","395.39548022598854","6.4","1003.07","4.0","1073.62","79.65","31493.25","2025-03-31","RAW","33569.94","400.0","600.0","6227.976000000001","7227.976000000001","23647.0","30874.976000000002"
"2026","5","450.0","0.0","0.0","4.2","27172.34","8.5","3825.0","2026-05-31","RAW","30997.34","400.0","600.0","5198.936000000001","6198.936000000001","27057.4","33256.336"
"2025","6","404.28195829555733","0.6","101.63","25.50000000000001","10089.6","110.30000000000008","44592.3","2025-06-30","RAW","54783.53","400.0","600.0","14713.412","15713.412","28212.36","43925.772"
"2025","8","420.45064377682394","0.0","0.0","2.7","2416.05","46.60000000000001","19593.0","2025-08-31","RAW","22009.05","400.0","600.0","1603.6200000000001","2603.62","29289.04","31892.66"
"2024","9","373.5616438356165","3.2","688.73","12.3","16427.63","43.79999999999999","16362.0","2024-09-30","RAW","33478.36","400.0","600.0","6191.344000000001","7191.344000000001","22646.75","29838.094"
"2025","9","418.9509954058191","2.3","535.57","9.399999999999999","5449.59","65.30000000000003","27357.5","2025-09-30","RAW","33342.66","400.0","600.0","6137.064","7137.064","27903.72","35040.784"
"2024","10","367.33333333333326","2.7","528.03","19.999999999999996","6981.66","36.00000000000001","13224.0","2024-10-31","RAW","20733.69","400.0","600.0","1093.476","2093.476","20530.68","22624.156"
"2025","11","460.9411764705882","1.5","402.47","27.900000000000002","19935.33","25.499999999999996","11754.0","2025-11-30","RAW","32091.8","400.0","600.0","5636.72","6636.72","41665.92","48302.64"
"2024","12","374.2005958291959","1.2","265.77","24.700000000000003","12071.03","100.69999999999995","37682.0","2024-12-31","RAW","50018.8","400.0","600.0","12807.52","13807.52","29593.9","43401.42"
"2025","5","","0.0","0.0","0.0","0.0","1.6","440.0","2025-05-31","SAP","440.0","0.0","0.0","0.0","0.0","371.74","371.74"
"2025","1","","0.0","0.0","0.0","0.0","1.0","120.0","2025-01-31","STG","120.0","0.0","0.0","0.0","0.0","0.0","0.0"
"2026","1","250.00000000000003","2.3","269.76","4.8","1048.66","45.05","11262.5","2026-01-31","TGF","12580.92","0.0","0.0","0.0","0.0","0.0","0.0"
"2025","2","215.42372881355934","14.2","1089.8","8.75","833.43","29.499999999999996","6355.0","2025-02-28","TGF","8278.23","0.0","0.0","0.0","0.0","0.0","0.0"
"2026","2","263.64653243847874","2.9000000000000004","572.33","0.0","0.0","44.7","11426.62","2026-02-28","TGF","11998.95","0.0","0.0","0.0","0.0","0.0","0.0"
"2025","3","250.00000000000003","11.5","1094.74","0.0","0.0","36.849999999999994","9212.5","2025-03-31","TGF","10307.24","0.0","0.0","0.0","0.0","0.0","0.0"
"2026","4","249.99999999999994","0.0","0.0","0.0","0.0","27.6","6900.0","2026-04-30","TGF","6900.0","0.0","0.0","0.0","0.0","165.0","165.0"
"2025","5","232.6086956521739","0.0","0.0","95.04999999999998","20980.64","34.50000000000001","8025.0","2025-05-31","TGF","29005.64","400.0","600.0","4402.256","5402.256","0.0","5402.256"
"2025","8","239.94827586206893","0.0","0.0","3.0999999999999996","0.0","58.00000000000001","13917.0","2025-08-31","TGF","13917.0","0.0","0.0","0.0","0.0","0.0","0.0"
"2024","9","164.84375","1.0","100.48","7.25","4310.89","12.8","2110.0","2024-09-30","TGF","6521.37","0.0","0.0","0.0","0.0","0.0","0.0"
"2025","10","238.9705882352941","0.0","0.0","14.7","2702.28","6.800000000000001","1625.0","2025-10-31","TGF","4327.28","0.0","0.0","0.0","0.0","0.0","0.0"
"2024","11","227.99619530754597","0.0","0.0","0.0","0.0","63.08","14382.0","2024-11-30","TGF","14382.0","76.4","0.0","0.0","76.4","0.0","76.4"
"2025","11","262.0","0.0","0.0","23.500000000000004","10873.19","2.5","655.0","2025-11-30","TGF","11528.19","0.0","0.0","0.0","0.0","0.0","0.0"
"2024","12","265.29224160374906","0.0","0.0","0.0","0.0","76.82","20379.75","2024-12-31","TGF","20379.75","400.0","600.0","951.9000000000001","1951.9","0.0","1951.9"
"2025","9","","0.0","0.0","0.0","0.0","0.7999999999999999","228.0","2025-09-30","TRB","228.0","0.0","0.0","0.0","0.0","0.0","0.0"
"2026","2","","3.7","618.77","17.400000000000002","1127.98","7.800000000000001","1365.0","2026-02-28","UNK","3111.75","0.0","0.0","0.0","0.0","0.0","0.0"
"2026","3","","0.0","0.0","0.0","0.0","10.5","1837.5","2026-03-31","UNK","1837.5","0.0","0.0","0.0","0.0","0.0","0.0"
"2026","5","","0.0","0.0","0.0","0.0","1.9","332.5","2026-05-31","UNK","332.5","0.0","0.0","0.0","0.0","0.0","0.0"
"2025","3","325.00000000000006","0.0","0.0","0.0","0.0","12.899999999999999","4192.5","2025-03-31","WMJ","4192.5","0.0","0.0","0.0","0.0","832.5","832.5"
"2025","5","325.0","0.0","0.0","0.0","0.0","2.0","650.0","2025-05-31","WMJ","650.0","0.0","0.0","0.0","0.0","455.69","455.69"
"2025","6","324.9999999999999","0.0","0.0","0.0","0.0","58.80000000000002","19110.0","2025-06-30","WMJ","19110.0","400.0","600.0","444.0","1444.0","1471.19","2915.19"
"2025","8","325.0","0.0","0.0","0.0","0.0","3.25","1056.25","2025-08-31","WMJ","1056.25","0.0","0.0","0.0","0.0","356.9","356.9"
"2024","9","325.0","0.0","0.0","0.0","0.0","106.00000000000001","34450.0","2024-09-30","WMJ","34450.0","400.0","600.0","6580.0","7580.0","6676.65","14256.65"
"2024","12","324.99999999999994","0.0","0.0","0.0","0.0","38.900000000000006","12642.5","2024-12-31","WMJ","12642.5","0.0","0.0","0.0","0.0","2453.7","2453.7"
"2025","3","297.855732998385","16.8","3843.14","2.7","676.38","55.73000000000001","16599.5","2025-03-31","CAJ","21119.02","400.0","600.0","1247.6080000000002","2247.608","810.6","3058.208"
"2026","3","425.0","0.0","0.0","0.0","0.0","9.0","3825.0","2026-03-31","CAJ","3825.0","0.0","0.0","0.0","0.0","320.02","320.02"
"2025","4","313.8181105448844","25.4","4289.15","9.100000000000001","1000.0","51.019999999999996","15686.5","2025-04-30","CAJ","20975.65","400.0","600.0","1190.26","2190.26","3292.62","5482.88"
"2025","6","363.39055793991423","20.500000000000004","3357.25","0.0","0.0","46.599999999999994","16159.0","2025-06-30","CAJ","19516.25","400.0","600.0","606.5","1606.5","661.14","2267.64"
"2025","9","396.5863453815261","0.0","0.0","0.0","0.0","24.900000000000002","9875.0","2025-09-30","CAJ","9875.0","0.0","0.0","0.0","0.0","148.21","148.21"
"2024","10","349.99999999999994","17.5","4190.42","0.0","0.0","37.900000000000006","13265.0","2024-10-31","CAJ","17455.42","400.0","436.62600000000003","0.0","836.626","0.0","836.626"
"2025","11","351.8095238095238","0.0","0.0","30.700000000000003","2864.08","42.0","14776.0","2025-11-30","CAJ","17640.08","400.0","492.02399999999994","0.0","892.0239999999999","2922.81","3814.834"
"2024","12","357.0","13.8","4042.97","42.5","5684.84","37.5","13387.5","2024-12-31","CAJ","23115.31","400.0","600.0","2046.1240000000003","3046.1240000000003","1309.77","4355.894"
"2025","12","399.4105263157895","0.0","0.0","0.0","0.0","47.49999999999999","18972.0","2025-12-31","CAJ","18972.0","400.0","600.0","388.8","1388.8","3729.64","5118.44"
"2026","2","108.72340425531917","0.0","0.0","2.1","443.36","4.699999999999999","511.0","2026-02-28","CDL","954.36","0.0","0.0","0.0","0.0","0.0","0.0"
"2026","4","114.96183206106869","0.0","0.0","0.0","0.0","13.100000000000001","1506.0","2026-04-30","CDL","1506.0","0.0","0.0","0.0","0.0","0.0","0.0"
"2026","5","109.99999999999999","0.0","0.0","0.0","0.0","2.7","297.0","2026-05-31","CDL","297.0","0.0","0.0","0.0","0.0","0.0","0.0"
"2025","11","123.09523809523809","0.0","0.0","3.5999999999999996","1009.57","8.4","1034.0","2025-11-30","CDL","2043.57","0.0","0.0","0.0","0.0","0.0","0.0"
"2026","2","","0.0","0.0","0.0","0.0","16.099999999999998","3381.0","2026-02-28","CMO","3381.0","0.0","0.0","0.0","0.0","0.0","0.0"
"2026","2","","0.0","0.0","0.0","0.0","0.4","40.0","2026-02-28","CNK","40.0","0.0","0.0","0.0","0.0","0.0","0.0"
"2025","5","","0.0","0.0","0.0","0.0","0.4","48.0","2025-05-31","CNK","48.0","0.0","0.0","0.0","0.0","0.0","0.0"
"2025","10","","0.0","0.0","0.0","0.0","6.8999999999999995","690.0","2025-10-31","CNK","690.0","0.0","0.0","0.0","0.0","0.0","0.0"
"2024","12","","0.0","0.0","0.0","0.0","1.5999999999999999","160.0","2024-12-31","CNK","160.0","0.0","0.0","0.0","0.0","0.0","0.0"
"2026","2","174.99999999999997","0.0","0.0","0.0","0.0","26.300000000000004","4602.5","2026-02-28","CPB","4602.5","0.0","0.0","0.0","0.0","0.0","0.0"
"2026","5","175.0","0.0","0.0","0.0","0.0","16.5","2887.5","2026-05-31","CPB","2887.5","0.0","0.0","0.0","0.0","0.0","0.0"
"2025","6","","9.1","642.22","0.0","0.0","5.9","1137.5","2025-06-30","CPB","1779.72","0.0","0.0","0.0","0.0","0.0","0.0"
"2025","8","","0.0","0.0","0.0","0.0","49.800000000000004","8325.0","2025-08-31","CPB","8325.0","0.0","0.0","0.0","0.0","0.0","0.0"
"2025","9","","0.0","0.0","0.0","0.0","20.1","3517.5","2025-09-30","CPB","3517.5","0.0","0.0","0.0","0.0","0.0","0.0"
"2025","11","175.0","0.0","0.0","0.0","0.0","22.5","3937.5","2025-11-30","CPB","3937.5","0.0","0.0","0.0","0.0","0.0","0.0"
"2025","9","","0.0","0.0","0.0","0.0","20.500000000000004","4510.0","2025-09-30","DAC","4510.0","0.0","0.0","0.0","0.0","1090.43","1090.43"
"2025","1","183.5792349726776","0.0","0.0","5.8","6767.19","18.299999999999997","3359.5","2025-01-31","ERH","10126.69","0.0","0.0","0.0","0.0","0.0","0.0"
"2026","1","209.3023255813953","0.0","0.0","1.0","370.79","21.500000000000004","4500.0","2026-01-31","ERH","4870.79","0.0","0.0","0.0","0.0","0.0","0.0"
"2025","2","181.62721893491127","0.0","0.0","0.0","0.0","33.8","6139.0","2025-02-28","ERH","6139.0","0.0","0.0","0.0","0.0","0.0","0.0"
"2026","3","203.4541984732824","0.0","0.0","6.1000000000000005","528.81","26.200000000000006","5330.5","2026-03-31","ERH","5859.31","0.0","0.0","0.0","0.0","0.0","0.0"
"2025","4","179.60264900662247","0.0","0.0","6.5","1976.85","30.200000000000006","5424.0","2025-04-30","ERH","7400.85","0.0","0.0","0.0","0.0","0.0","0.0"
"2025","7","168.82640586797064","0.0","0.0","3.6","3184.78","40.900000000000006","6875.82","2025-07-31","ERH","10060.6","0.0","0.0","0.0","0.0","0.0","0.0"
"2025","9","192.38903394255877","0.0","0.0","4.199999999999999","1107.01","38.3","7368.5","2025-09-30","ERH","8475.51","0.0","0.0","0.0","0.0","0.0","0.0"
"2024","10","189.71804511278194","0.4","3500.0","11.899999999999999","3170.69","26.6","5046.5","2024-10-31","ERH","11717.19","0.0","0.0","0.0","0.0","0.0","0.0"
"2025","10","196.58256880733944","0.4","3500.0","12.900000000000002","4063.8","21.8","5727.5","2025-10-31","ERH","13291.3","0.0","0.0","0.0","0.0","0.0","0.0"
"2024","11","184.82283464566925","0.4","33.9","5.5","1949.22","25.400000000000006","4694.5","2024-11-30","ERH","6677.62","0.0","0.0","0.0","0.0","0.0","0.0"
"2025","12","195.22140221402216","0.0","0.0","11.5","3139.48","27.1","5290.5","2025-12-31","ERH","8429.98","0.0","0.0","0.0","0.0","0.0","0.0"
"2025","3","","0.0","0.0","0.0","0.0","2.0","350.0","2025-03-31","FDJ","350.0","0.0","0.0","0.0","0.0","0.0","0.0"
"2025","6","","0.0","0.0","0.0","0.0","4.5","787.5","2025-06-30","FDJ","787.5","0.0","0.0","0.0","0.0","0.0","0.0"
"2025","1","","1.27","188.32","0.0","0.0","0.0","0.0","2025-01-31","GNS","188.32","0.0","0.0","0.0","0.0","0.0","0.0"
"2025","3","","5.2","442.0","0.0","0.0","3.0300000000000002","530.25","2025-03-31","GNS","972.25","0.0","0.0","0.0","0.0","0.0","0.0"
"2026","3","","0.0","0.0","0.0","0.0","5.0","875.0","2026-03-31","GNS","875.0","0.0","0.0","0.0","0.0","0.0","0.0"
"2025","4","","0.0","0.0","1.75","280.05","5.7","997.5","2025-04-30","GNS","1277.55","0.0","0.0","0.0","0.0","0.0","0.0"
"2025","6","","0.0","0.0","0.0","0.0","2.5","437.5","2025-06-30","GNS","437.5","0.0","0.0","0.0","0.0","0.0","0.0"
"2024","10","","0.0","0.0","0.0","0.0","0.5","87.5","2024-10-31","GNS","87.5","0.0","0.0","0.0","0.0","0.0","0.0"
"2024","12","","0.0","0.0","0.6","129.22","0.0","0.0","2024-12-31","GNS","129.22","0.0","0.0","0.0","0.0","0.0","0.0"
"2025","2","","5.0","268.61","0.0","0.0","1.0","110.0","2025-02-28","HEB","378.61","0.0","0.0","0.0","0.0","0.0","0.0"
"2025","9","","0.0","0.0","0.0","0.0","2.0","350.0","2025-09-30","HEB","350.0","0.0","0.0","0.0","0.0","0.0","0.0"
"2025","2","","0.0","0.0","0.0","0.0","3.8000000000000003","722.0","2025-02-28","JCB","722.0","0.0","0.0","0.0","0.0","129.96","129.96"
"2025","5","","0.0","0.0","0.0","0.0","6.799999999999999","1394.0","2025-05-31","JCB","1394.0","0.0","0.0","0.0","0.0","0.0","0.0"
"2026","2","425.00000000000006","81.29999999999995","23677.67","17.200000000000003","6653.53","18.799999999999997","7990.0","2026-02-28","JER","38321.2","400.0","600.0","8128.4800000000005","9128.48","5478.88","14607.36"
"2025","3","287.69592476489026","63.0","7796.43","0.0","0.0","31.900000000000002","9177.5","2025-03-31","JER","16973.93","400.0","292.179","0.0","692.179","2514.38","3206.559"
"2026","4","390.0","45.499999999999986","33800.0","0.0","0.0","2.5","975.0","2026-04-30","JER","34775.0","400.0","600.0","6710.0","7710.0","8176.36","15886.36"
"2025","5","325.0","64.1","9981.31","74.69999999999999","20367.1","10.5","3412.5","2025-05-31","JER","33760.91","400.0","600.0","6304.3640000000005","7304.3640000000005","3342.5","10646.864000000001"
"2025","6","357.5","57.499999999999986","9004.1","16.0","3209.92","3.2","1144.0","2025-06-30","JER","13358.02","0.0","0.0","0.0","0.0","2605.53","2605.53"
"2025","8","322.40932642487047","0.0","0.0","12.399999999999999","1449.81","19.3","6222.5","2025-08-31","JER","7672.31","0.0","0.0","0.0","0.0","9031.9","9031.9"
"2024","9","324.99999999999994","61.09999999999999","12565.3","0.0","0.0","33.800000000000004","10985.0","2024-09-30","JER","23550.3","400.0","600.0","2220.1200000000003","3220.1200000000003","3802.36","7022.4800000000005"
"2025","11","502.96992481203006","47.800000000000004","9720.1","402.3","171212.31","13.3","6689.5","2025-11-30","JER","187621.91","400.0","600.0","67848.76400000001","68848.76400000001","21300.4","90149.16400000002"
"2024","12","316.9642857142857","49.099999999999994","9423.32","0.5","0.0","22.4","7100.0","2024-12-31","JER","16523.32","400.0","156.996","0.0","556.996","3364.5","3921.496"
"2025","5","","0.0","0.0","0.2","16.18","0.0","0.0","2025-05-31","JLA","16.18","0.0","0.0","0.0","0.0","0.0","0.0"
"2026","2","407.25623582766434","0.0","0.0","0.0","0.0","44.1","17960.0","2026-02-28","JMG","17960.0","400.0","588.0","0.0","988.0","2692.43","3680.43"
"2026","3","400.0","0.0","0.0","4.5","1215.73","89.9","35960.0","2026-03-31","JMG","37175.73","400.0","600.0","7670.292","8670.292000000001","5005.5","13675.792000000001"
"2026","5","400.0","0.0","0.0","0.0","0.0","7.6000000000000005","3040.0","2026-05-31","JMG","3040.0","0.0","0.0","0.0","0.0","1859.01","1859.01"
"2025","11","423.12734082397","0.0","0.0","7.3999999999999995","315.02","80.10000000000001","33892.5","2025-11-30","JMG","34207.52","400.0","600.0","6483.008000000001","7483.008000000001","6440.29","13923.298"
"2025","12","351.0869565217392","0.0","0.0","0.0","0.0","110.39999999999998","38760.0","2025-12-31","JMG","38760.0","400.0","600.0","8304.0","9304.0","5144.47","14448.470000000001"
"2025","1","","0.0","0.0","0.0","0.0","0.4","48.0","2025-01-31","JMM","48.0","0.0","0.0","0.0","0.0","0.0","0.0"
"2025","7","","0.0","0.0","0.0","0.0","0.3","33.0","2025-07-31","JMM","33.0","0.0","0.0","0.0","0.0","0.0","0.0"
"2026","1","363.2","0.0","0.0","0.0","0.0","70.0","26524.0","2026-01-31","JRJ","26524.0","400.0","600.0","3409.6000000000004","4409.6","2958.3","7367.900000000001"
"2025","2","387.75431861804236","33.7","13735.85","0.0","0.0","52.09999999999998","20202.0","2025-02-28","JRJ","33937.85","400.0","600.0","6375.14","7375.14","3090.1","10465.24"
"2026","3","344.14918414918424","0.0","0.0","29.299999999999997","4515.34","42.89999999999999","14764.0","2026-03-31","JRJ","19279.34","400.0","600.0","511.736","1511.7359999999999","1821.1","3332.836"
"2025","4","335.8195364238412","55.5","10710.85","6.0","3000.0","60.39999999999999","20283.5","2025-04-30","JRJ","33994.35","400.0","600.0","6397.740000000001","7397.740000000001","5001.13","12398.87"
"2025","7","290.1307484220017","69.5","10996.83","0.0","0.0","110.90000000000002","32175.5","2025-07-31","JRJ","43172.33","400.0","600.0","10068.932","11068.932","7675.13","18744.062"
"2025","9","394.18253968253964","0.0","0.0","2.4000000000000004","750.0","251.99999999999997","99332.0","2025-09-30","JRJ","100082.0","400.0","600.0","32832.8","33832.8","21049.61","54882.41"
"2024","10","378.5706967213115","39.5","10809.58","1.2999999999999998","0.0","97.60000000000001","36948.5","2024-10-31","JRJ","47758.08","400.0","600.0","11903.232000000002","12903.232000000002","7783.85","20687.082000000002"
"2025","10","414.95327102803736","0.0","0.0","1.8","500.0","32.1","13320.0","2025-10-31","JRJ","13820.0","0.0","0.0","0.0","0.0","1991.2","1991.2"
"2024","11","349.9911504424778","36.9","13865.81","2.2","900.0","169.50000000000006","59323.5","2024-11-30","JRJ","74089.31","400.0","600.0","22435.724000000002","23435.724000000002","7249.15","30684.874000000003"
"2025","12","449.65916837082494","0.0","0.0","0.0","0.0","146.69999999999993","65965.0","2025-12-31","JRJ","65965.0","400.0","600.0","19186.0","20186.0","9311.33","29497.33"
"2025","5","","0.0","0.0","0.9","164.16","0.0","0.0","2025-05-31","JSM","164.16","0.0","0.0","0.0","0.0","0.0","0.0"
"2026","1","418.961937716263","7.800000000000001","2600.0","1.4000000000000001","830.86","28.89999999999999","12108.0","2026-01-31","KWD","15538.86","307.772","0.0","0.0","307.772","185.62","493.392"
"2026","4","429.2345679012346","27.2","17543.07","0.0","0.0","40.50000000000001","17384.0","2026-04-30","KWD","34927.07","400.0","600.0","6770.828","7770.828","3296.0","11066.828000000001"
"2025","5","350.0","0.0","0.0","6.0","2777.78","29.1","10185.0","2025-05-31","KWD","12962.78","0.0","0.0","0.0","0.0","600.0","600.0"
"2025","7","377.1153846153845","6.7","2456.62","0.0","0.0","52.000000000000014","19475.88","2025-07-31","KWD","21932.5","400.0","600.0","1573.0","2573.0","0.0","2573.0"
"2025","8","392.1109123434705","5.0","3500.0","0.0","0.0","27.95","10959.5","2025-08-31","KWD","14459.5","91.9","0.0","0.0","91.9","1983.55","2075.45"
"2025","10","392.0879120879122","16.700000000000003","4718.09","9.5","3250.26","54.59999999999999","21408.0","2025-10-31","KWD","29376.35","400.0","600.0","4550.54","5550.54","1082.1","6632.639999999999"
"2025","9","","0.0","0.0","0.0","0.0","1.1","121.0","2025-09-30","MAB","121.0","0.0","0.0","0.0","0.0","0.0","0.0"
"2025","11","175.00000000000003","0.0","0.0","0.0","0.0","4.1","717.5","2025-11-30","MCH","717.5","0.0","0.0","0.0","0.0","0.0","0.0"
"2026","1","","0.0","0.0","0.0","0.0","9.0","1995.0","2026-01-31","PSR","1995.0","0.0","0.0","0.0","0.0","0.0","0.0"
"2025","7","","3.7","1299.03","0.0","0.0","7.4","1295.0","2025-07-31","PSR","2594.03","0.0","0.0","0.0","0.0","0.0","0.0"
"2026","1","413.2724550898204","2.4000000000000004","900.0","3.0","2048.35","33.39999999999999","13803.3","2026-01-31","RAW","16751.65","400.0","225.49499999999998","0.0","625.495","26626.37","27251.864999999998"
"2025","2","360.1882845188285","7.3999999999999995","954.14","7.8999999999999995","7177.42","47.8","17217.0","2025-02-28","RAW","25348.56","400.0","600.0","2939.4240000000004","3939.4240000000004","16723.31","20662.734"
"2026","3","421.96969696969705","0.3","254.72","1.2000000000000002","400.74","39.599999999999994","16710.0","2026-03-31","RAW","17365.46","400.0","409.638","0.0","809.6379999999999","19193.7","20003.338"
"2025","4","404.4264569842739","3.7","2616.63","14.599999999999998","8123.86","54.04999999999998","21859.25","2025-04-30","RAW","32599.74","400.0","600.0","5839.896000000001","6839.896000000001","22432.74","29272.636000000002"
"2026","4","462.53807106599","1.6","987.54","7.3999999999999995","4444.27","59.09999999999998","27336.0","2026-04-30","RAW","32767.81","400.0","600.0","5907.124","6907.124","29163.7","36070.824"
"2025","5","406.7107942973524","0.0","0.0","50.09999999999999","19701.41","49.099999999999994","19969.5","2025-05-31","RAW","39670.91","400.0","600.0","8668.364","9668.364","35663.44","45331.804000000004"
"2025","7","424.2117117117119","2.6999999999999997","1043.38","2.9000000000000004","2065.22","66.59999999999997","28144.9","2025-07-31","RAW","31253.5","400.0","600.0","5301.400000000001","6301.400000000001","32619.75","38921.15"
"2025","10","419.23236514522824","6.199999999999999","1962.4","16.6","12313.23","72.30000000000001","30310.5","2025-10-31","RAW","44586.13","400.0","600.0","10634.452000000001","11634.452000000001","25653.79","37288.242"
"2024","11","369.3559556786705","2.9000000000000004","677.15","12.7","9353.24","72.19999999999996","26667.5","2024-11-30","RAW","36697.89","400.0","600.0","7479.156","8479.155999999999","27671.22","36150.376000000004"
"2025","12","429.07331975560106","4.3","1223.97","10.799999999999999","7229.18","98.19999999999993","42135.0","2025-12-31","RAW","50588.15","400.0","600.0","13035.260000000002","14035.260000000002","64992.92","79028.18"
"2025","10","","0.0","0.0","0.0","0.0","1.0","120.0","2025-10-31","RSS","120.0","0.0","0.0","0.0","0.0","0.0","0.0"
"2025","5","0.0","0.0","0.0","0.0","0.0","2.0","0.0","2025-05-31","SA","0.0","0.0","0.0","0.0","0.0","0.0","0.0"
"2026","2","","0.0","0.0","0.0","0.0","68.49999999999999","17125.0","2026-02-28","SAP","17125.0","400.0","337.5","0.0","737.5","0.0","737.5"
"2025","9","","0.0","0.0","0.0","0.0","23.799999999999997","6497.5","2025-09-30","SAP","6497.5","0.0","0.0","0.0","0.0","1466.86","1466.86"
"2024","12","","0.0","0.0","0.0","0.0","31.599999999999998","7900.0","2024-12-31","SAP","7900.0","0.0","0.0","0.0","0.0","0.0","0.0"
"2025","7","","0.0","0.0","0.0","0.0","0.3","33.0","2025-07-31","STG","33.0","0.0","0.0","0.0","0.0","0.0","0.0"
"2025","1","195.69106429349804","4.1","837.6","9.6","1720.44","110.11999999999999","21532.0","2025-01-31","TGF","24090.04","400.0","600.0","2436.016","3436.016","0.0","3436.016"
"2026","3","250.0","0.0","0.0","0.0","0.0","35.9","8975.0","2026-03-31","TGF","8975.0","0.0","0.0","0.0","0.0","0.0","0.0"
"2025","4","260.32531824611027","4.3","1967.24","0.0","0.0","70.7","18405.0","2025-04-30","TGF","20372.24","400.0","600.0","948.896","1948.896","0.0","1948.896"
"2025","6","246.1928934010152","2.5","252.05","0.0","0.0","39.400000000000006","9700.0","2025-06-30","TGF","9952.05","0.0","0.0","0.0","0.0","0.0","0.0"
"2025","7","249.99999999999994","1.5","752.33","9.0","0.0","102.25000000000004","25485.4","2025-07-31","TGF","26237.73","400.0","600.0","3295.092","4295.092000000001","0.0","4295.092000000001"
"2025","9","246.50186567164175","0.0","0.0","0.0","0.0","53.60000000000001","13212.5","2025-09-30","TGF","13212.5","0.0","0.0","0.0","0.0","0.0","0.0"
"2024","10","177.78630460448645","1.8","234.68","11.35","1577.1","42.349999999999994","7529.25","2024-10-31","TGF","9341.03","0.0","0.0","0.0","0.0","0.0","0.0"
"2025","12","250.0","0.0","0.0","32.8","11966.37","119.2","29800.0","2025-12-31","TGF","41766.37","400.0","600.0","9506.548","10506.548","102.26","10608.808"
"2026","1","","0.0","0.0","0.0","0.0","5.5","962.5","2026-01-31","UNK","962.5","0.0","0.0","0.0","0.0","0.0","0.0"
"2026","4","","0.0","0.0","2.5","152.59","2.0","350.0","2026-04-30","UNK","502.59","0.0","0.0","0.0","0.0","0.0","0.0"
"2025","1","325.0","0.0","0.0","0.0","0.0","19.9","6467.5","2025-01-31","WMJ","6467.5","0.0","0.0","0.0","0.0","2267.27","2267.27"
"2025","2","325.0","0.0","0.0","0.0","0.0","2.25","731.25","2025-02-28","WMJ","731.25","0.0","0.0","0.0","0.0","146.25","146.25"
"2025","4","325.00000000000006","0.0","0.0","0.0","0.0","34.10000000000001","11082.5","2025-04-30","WMJ","11082.5","0.0","0.0","0.0","0.0","2615.07","2615.07"
"2024","10","325.0","0.0","0.0","0.0","0.0","34.2","11115.0","2024-10-31","WMJ","11115.0","0.0","0.0","0.0","0.0","2864.5","2864.5"
"2024","11","325.0","0.0","0.0","0.0","0.0","22.0","7150.0","2024-11-30","WMJ","7150.0","0.0","0.0","0.0","0.0","1773.63","1773.63"
